-- phpMyAdmin SQL Dump
-- version 3.3.7
-- http://www.phpmyadmin.net
--
-- 主机: localhost
-- 生成日期: 2011 年 06 月 30 日 03:35
-- 服务器版本: 5.1.50
-- PHP 版本: 5.2.14

SET SQL_MODE="NO_AUTO_VALUE_ON_ZERO";


/*!40101 SET @OLD_CHARACTER_SET_CLIENT=@@CHARACTER_SET_CLIENT */;
/*!40101 SET @OLD_CHARACTER_SET_RESULTS=@@CHARACTER_SET_RESULTS */;
/*!40101 SET @OLD_COLLATION_CONNECTION=@@COLLATION_CONNECTION */;
/*!40101 SET NAMES utf8 */;

--
-- 数据库: `expense`
--

-- --------------------------------------------------------

--
-- 表的结构 `aa_config`
--

CREATE TABLE IF NOT EXISTS `aa_config` (
  `id` int(11) NOT NULL AUTO_INCREMENT,
  `code` varchar(30) COLLATE utf8_unicode_ci NOT NULL,
  `type` varchar(10) COLLATE utf8_unicode_ci NOT NULL,
  `option` varchar(255) COLLATE utf8_unicode_ci NOT NULL,
  `value` text COLLATE utf8_unicode_ci NOT NULL,
  `sort_order` tinyint(3) NOT NULL DEFAULT '1',
  PRIMARY KEY (`id`)
) ENGINE=MyISAM  DEFAULT CHARSET=utf8 COLLATE=utf8_unicode_ci AUTO_INCREMENT=17 ;

--
-- 转存表中的数据 `aa_config`
--

INSERT INTO `aa_config` (`id`, `code`, `type`, `option`, `value`, `sort_order`) VALUES
(2, 'sys_name', 'text', '0', '小吞AA制记账系统', 0),
(3, 'sys_desc', 'text', '0', '一个牛逼的系统', 0),
(4, 'sys_keywords', 'text', '0', '小吞AA制记账系统小吞AA制记账系统小吞AA制记账系统小吞AA制记账系统小吞AA制记账系统小吞AA制记账系统小吞AA制记账系统小吞AA制记账系统小吞AA制记账系统', 0),
(5, 'is_close', 'radiobox', '0', '0', 0),
(6, 'close_reason', 'text', '0', '例行维护', 0),
(7, 'is_close_reg', 'radiobox', '0', '0', 0),
(8, 'sys_lang', 'text', '0', 'zh-cn', 0),
(9, 'cache_life_time', 'text', '0', '1440', 0),
(10, 'enable_gzip', 'radiobox', '0', '0', 0),
(11, 'timezone_default', 'radiobox', '0', '8', 0),
(12, 'upfile_size', 'select', '128,256,512,1024,2048,4096,0', '128', 0),
(13, 'upfile_path', 'text', '0', 'up', 0),
(14, 'list_count', 'text', '0', '13', 0),
(15, 'enable_wap', 'radiobox', '0', '1', 0),
(16, 'template', 'radiobox', 'default,pink,black', 'default', 1);

-- --------------------------------------------------------

--
-- 表的结构 `aa_expense`
--

CREATE TABLE IF NOT EXISTS `aa_expense` (
  `id` int(11) NOT NULL AUTO_INCREMENT,
  `name` varchar(1000) COLLATE utf8_unicode_ci NOT NULL,
  `fee` decimal(10,2) NOT NULL,
  `user_id` int(11) DEFAULT NULL,
  `user_group` varchar(1000) COLLATE utf8_unicode_ci NOT NULL,
  `is_close` tinyint(1) DEFAULT NULL,
  `is_public` tinyint(1) DEFAULT NULL,
  `is_delete` tinyint(1) NOT NULL,
  `comment` varchar(1000) COLLATE utf8_unicode_ci NOT NULL,
  `date` date DEFAULT NULL,
  `last_update` int(10) NOT NULL,
  PRIMARY KEY (`id`)
) ENGINE=MyISAM  DEFAULT CHARSET=utf8 COLLATE=utf8_unicode_ci AUTO_INCREMENT=131 ;

--
-- 转存表中的数据 `aa_expense`
--

INSERT INTO `aa_expense` (`id`, `name`, `fee`, `user_id`, `user_group`, `is_close`, `is_public`, `is_delete`, `comment`, `date`, `last_update`) VALUES
(1, '调理面包', 2.00, 2, '1;2', 0, 1, 0, '', '2010-08-24', 1285811992),
(2, '青椒', 1.31, 2, '1;2', 0, 1, 0, '', '2010-08-24', 1282579200),
(3, '后腿瘦肉', 6.38, 2, '1;2', 0, 1, 0, '', '2010-08-24', 1282579200),
(4, '茄子', 1.50, 2, '1;2', 0, 1, 0, '', '2010-08-24', 1282579200),
(5, '精品大蒜', 5.72, 2, '1;2', 0, 1, 0, '', '2010-08-24', 1282579200),
(6, '中号购物袋', 0.30, 1, '1;2', 0, 1, 0, '', '2010-08-24', 1282579200),
(7, '全鸡', 8.77, 1, '1;2', 0, 1, 0, '', '2010-08-24', 1282579200),
(8, '木耳菜（折扣）', 0.76, 1, '1;2', 0, 1, 0, '', '2010-08-24', 1282579200),
(9, '生姜', 1.36, 1, '1;2', 0, 1, 0, '', '2010-08-24', 1282579200),
(10, '泡姜', 4.76, 1, '1;2', 0, 1, 0, '', '2010-08-24', 1282579200),
(11, '芋头', 2.40, 1, '1;2', 0, 1, 0, '', '2010-08-24', 1282579200),
(12, '土豆', 3.17, 1, '1;2', 0, 1, 0, '', '2010-08-24', 1282579200),
(13, '买插线板', 48.00, 1, '0', 1, 0, 0, '', '2010-08-24', 1282579200),
(16, '冬瓜', 1.02, 2, '1;2', 0, 1, 0, '', '2010-08-30', 1283304138),
(15, '超市买东西', 107.90, 2, '1;2', 1, 1, 0, '囧', '2010-08-21', 1282579200),
(17, '香梨', 5.50, 2, '1;2', 0, 1, 0, '', '2010-08-30', 1283304138),
(18, '圣迪乐绿色蛋', 7.53, 2, '1;2', 0, 1, 0, '', '2010-08-30', 1283304138),
(19, '西红柿', 2.74, 2, '1;2', 0, 1, 0, '', '2010-08-30', 1283304138),
(20, '山东大葱', 2.35, 1, '1;2', 0, 1, 0, '', '2010-09-02', 1283601826),
(21, '土豆', 3.38, 1, '1;2', 0, 1, 0, '', '2010-09-02', 1283601826),
(22, '丝瓜', 3.61, 1, '1;2', 0, 1, 0, '', '2010-09-02', 1283601826),
(23, '永辉大号购物袋', 0.40, 1, '1;2', 0, 1, 0, '', '2010-09-02', 1283601826),
(24, '后腿瘦肉', 9.13, 1, '1;2', 0, 1, 0, '', '2010-09-02', 1283601826),
(25, '红蜻蜓菜籽色拉油', 28.80, 1, '1;2', 0, 1, 0, '', '2010-09-02', 1283601826),
(26, '风水梨', 9.24, 2, '1;2', 0, 1, 0, '', '2010-09-03', 1283601826),
(27, '黄瓜', 0.93, 2, '1;2', 0, 1, 0, '', '2010-09-03', 1283601826),
(28, '散装蛋糕', 4.18, 2, '1;2', 0, 1, 0, '', '2010-09-03', 1283601826),
(29, '巴祖低钠盐250g', 1.80, 2, '1;2', 0, 1, 0, '', '2010-09-08', 1283601826),
(30, '购物袋', 0.30, 2, '1;2', 0, 1, 0, '', '2010-09-08', 1283601826),
(31, '黄瓜', 2.37, 2, '1;2', 0, 1, 0, '', '2010-09-08', 1283601826),
(32, '意大利生菜', 1.62, 2, '1;2', 0, 1, 0, '', '2010-09-08', 1283601826),
(33, '血皮菜', 1.29, 2, '1;2', 0, 1, 0, '', '2010-09-08', 1283601826),
(34, '海椒粉', 1.32, 2, '1;2', 0, 1, 0, '', '2010-09-08', 1283601826),
(35, '莲藕', 1.25, 2, '1;2', 0, 1, 0, '', '2010-09-08', 1283601826),
(36, '购物袋', 0.30, 1, '1;2', 0, 1, 0, '', '2010-09-08', 1283601826),
(37, '农夫山泉天然水4L', 7.30, 1, '1;2', 0, 1, 0, '', '2010-09-08', 1283601826),
(38, '全鸡（正大）', 13.42, 1, '1;2', 0, 1, 0, '', '2010-09-08', 1283601826),
(39, '后腿瘦肉', 8.88, 1, '1;2', 0, 1, 0, '', '2010-09-08', 1283601826),
(40, '土豆', 1.75, 1, '1;2', 0, 1, 0, '', '2010-09-08', 1283601826),
(41, '洋葱', 1.10, 1, '1;2', 0, 1, 0, '', '2010-09-08', 1283601826),
(42, '香菇', 2.74, 1, '1;2', 0, 1, 0, '', '2010-09-08', 1283601826),
(43, '水藤菜', 1.63, 1, '1;2', 0, 1, 0, '', '2010-09-08', 1283601826),
(44, '风水梨', 3.43, 2, '1;2', 0, 1, 0, '', '2010-09-10', 1284369088),
(45, '康师傅红茶', 2.50, 2, '2', 1, 0, 0, '', '2010-09-10', 1284369260),
(46, '力士架花生夹心', 4.00, 2, '2', 1, 0, 0, '', '2010-09-10', 1284369442),
(47, '七匹狼袜子', 11.90, 2, '2', 1, 0, 0, '', '2010-09-10', 1284369442),
(48, '农夫山泉', 7.30, 1, '1;2', 0, 1, 0, '', '2010-09-10', 1284368262),
(49, '康师傅红烧牛肉方便面', 10.00, 1, '1;2', 0, 1, 0, '', '2010-09-10', 1284368262),
(50, '南泉精制挂面', 4.50, 1, '1;2', 0, 1, 0, '', '2010-09-10', 1284368262),
(51, '薄荷糖', 3.00, 1, '1;2', 0, 1, 0, '', '2010-09-10', 1284368262),
(52, '鱼调料', 4.40, 1, '1;2', 0, 1, 0, '', '2010-09-10', 1284368262),
(53, '锅巴', 2.59, 1, '1;2', 0, 1, 0, '', '2010-09-10', 1284368262),
(54, '草鱼', 11.65, 1, '1;2', 0, 1, 0, '', '2010-09-10', 1284368262),
(55, '思恋简装水饺x2', 11.80, 1, '1;2', 0, 1, 0, '', '2010-09-10', 1285851864),
(56, '烟熏板鸭', 9.78, 1, '1;2', 0, 1, 0, '', '2010-09-10', 1284368262),
(57, '海白菜', 3.31, 1, '1;2', 0, 1, 0, '', '2010-09-10', 1284368262),
(58, '山东大葱', 3.47, 1, '1;2', 0, 1, 0, '', '2010-09-10', 1284368262),
(59, '油炸辣子', 9.80, 1, '1;2', 0, 1, 0, '', '2010-09-10', 1284368262),
(60, '白萝卜', 3.26, 1, '1;2', 0, 1, 0, '', '2010-09-10', 1284368262),
(61, '云南瓢儿白', 2.22, 1, '1;2', 0, 1, 0, '', '2010-09-10', 1284368262),
(62, '老豆腐', 2.22, 1, '1;2', 0, 1, 0, '', '2010-09-10', 1284368262),
(63, '大购物袋', 0.40, 1, '1;2', 0, 1, 0, '', '2010-09-10', 1284368262),
(64, '黄瓜', 2.43, 1, '1;2', 0, 1, 0, '', '2010-09-10', 1284368262),
(65, '新疆葡萄', 3.59, 1, '1;2', 0, 1, 0, '', '2010-09-10', 1284368262),
(66, '超市买东西（农夫山泉x2、双鹿电池、纸杯、橙汁、东北米、苹果、核桃奶x2、生菜、草鱼、海白菜、空心菜、土豆、泡海椒、土豆、生姜、黄葱、麻辣鱼佐料、后腿瘦肉、西红柿、巨丰葡萄、刘源源手表[18]）', 168.35, 1, '1;2', 0, 1, 0, '', '2009-09-18', 1284980409),
(67, '超市买东西（购物袋、空心菜、洋葱、无核杏、辣子肥肠、空心菜、精三线、莴笋尖、土豆、后腿瘦肉、青椒、西红柿、白豆腐）', 56.22, 1, '1;2', 0, 1, 0, '', '2009-09-20', 1284980409),
(68, '超市买东东（卤鸡翅膀、粘鼠板、蚊香、蛋糕、红提、木耳菜、购物袋）', 32.36, 2, '1;2', 0, 1, 0, '你懂的。', '2009-09-15', 1285852270),
(75, 'fdsafdsa', 0.00, 1, '1;2', 0, 1, 1, 'fff', '2010-09-11', 1285931612),
(76, 'ZZZ', 22.00, 4, '4;2;1', 0, 1, 1, '11', '0000-00-00', 1286356495),
(77, '公交车2刀+早饭糍粑+花生奶3刀+午饭小面3.5刀', 8.50, 0, '', 0, 0, 0, '', '2010-10-08', 1286499745),
(78, '公交车2刀+早饭糍粑+花生奶3刀+午饭小面3.5刀', 8.50, 0, '', 0, 0, 0, '', '2010-10-08', 1286499827),
(79, '公交车2刀+早饭糍粑+花生奶3刀+午饭小面3.5刀', 8.50, 0, '', 0, 0, 0, '', '2010-10-08', 1286499925),
(80, '公交车2刀+早饭糍粑+花生奶3刀+午饭小面3.5刀', 8.50, 0, '', 0, 0, 0, '', '2010-10-08', 1286500038),
(81, '公交车2刀+早饭糍粑+花生奶3刀+午饭小面3.5刀', 8.50, 0, '', 0, 0, 0, '', '2010-10-08', 1286500080),
(82, '公交车2刀+早饭糍粑+花生奶3刀+午饭小面3.5刀', 8.50, 0, '', 0, 0, 0, '', '2010-10-08', 1286500553),
(83, '公交车2刀+早饭糍粑+花生奶3刀+午饭小面3.5刀+茉莉花茶3刀', 11.50, 2, 'Array', 1, 0, 0, 'x', '2010-10-08', 1287475194),
(84, 'test', 200.00, 1, '1;2;3;5', 0, 1, 1, 'test', '2010-10-08', 1286501696),
(85, 'test', 200.00, 1, '1;2;3;5', 0, 1, 1, 'fdsafdsafs', '2010-10-08', 1286501682),
(86, 'shit', 100.00, 2, '', 1, 0, 1, 'fff', '2010-10-08', 1286501713),
(87, 'test', 200.00, 1, '1;2;3;5', 0, 1, 1, 'test', '2010-10-08', 1286501747),
(88, '公交1刀,早饭没吃,午饭7刀,回家1+1.5+10刀', 20.50, 2, 'Array', 1, 0, 0, '', '2010-10-09', 1287475204),
(89, '超市购物（菜油等）', 100.00, 1, '1;2', 0, 1, 0, '', '2010-10-11', 1287072313),
(90, '买菜（土豆、花菜）', 5.24, 2, '1;2', 0, 1, 0, '', '2010-10-12', 1287072513),
(91, '买菜（茄子、鸡肉、洗涤剂、莴笋、西红柿）', 16.67, 2, '1;2', 0, 1, 0, '', '2010-10-13', 1287072497),
(92, '买菜（米、莴笋、莲藕）', 17.54, 2, '1;2', 0, 1, 0, '', '2010-10-14', 1287072571),
(93, '买菜（蘑菇、鱼 等...)', 50.00, 1, '1;2', 0, 1, 0, '', '2010-10-13', 1287581627),
(94, '买菜（白砍鸡、南瓜、）', 10.09, 2, '1;2', 0, 1, 0, '', '2010-10-20', 1287581745),
(95, '买菜（核桃花生奶、纯牛奶、莲藕、干拌面）', 33.34, 1, '1;2', 0, 1, 0, '', '2010-10-18', 1287581806),
(96, '买菜（铁包菜、莲藕）', 5.05, 2, '1;2', 0, 1, 0, '', '2010-10-15', 1287581854),
(97, '买菜（土豆、油墨菜、瘦肉）', 11.00, 2, '1;2', 0, 1, 0, '', '2010-10-26', 1288023155),
(98, '菜', 6.00, 1, '1;2', 0, 1, 0, '', '2010-10-26', 1288092523),
(99, '卤牛肉', 14.00, 2, '1;2', 0, 1, 0, '', '2010-10-26', 1288092570),
(100, '珍珠米、香皂、花生奶、', 47.20, 2, '1;2', 0, 1, 0, '', '2010-10-27', 1288181805),
(101, '电池5、豆腐3、莴笋1、柑橘2.2、', 11.20, 2, '1;2', 0, 1, 0, '', '2010-10-28', 1288269266),
(102, '买菜 （土豆、洋葱、肉、青椒）', 16.00, 2, '1;2', 0, 1, 0, '', '2010-11-01', 1288764435),
(103, '买菜 （耗儿鱼、泡椒、土豆、黄瓜、白糖）', 36.00, 2, '1;2', 0, 1, 0, '', '2010-11-03', 1288764533),
(104, '买菜（藕、蕃茄、莴笋尖）', 16.80, 2, '1;2', 0, 1, 0, '', '2010-11-03', 1288790430),
(105, '买菜（肉、冬瓜）', 10.30, 2, '1;2', 0, 1, 0, '', '2010-11-04', 1288873394),
(106, '买菜', 25.00, 2, '1;2;3', 0, 1, 0, '', '2010-11-08', 1289224730),
(107, '肉13,青椒1.5,藕片6', 20.50, 2, '1;2;3', 0, 1, 0, '', '2010-11-09', 1289302284),
(108, '奶油米菜', 131.00, 2, '1;2;3', 0, 1, 0, '', '2010-11-10', 1289388568),
(109, '南瓜、青椒、豆腐干、勺子', 9.60, 3, '1;2;3', 0, 1, 0, '', '2010-11-11', 1289476332),
(110, '排骨等 淀粉', 21.80, 3, '1;2;3', 0, 1, 0, '', '2010-11-15', 1289822119),
(111, '蕃茄、肉', 16.20, 1, '1;2;3', 0, 1, 0, '', '2010-11-15', 1289822165),
(112, '菜', 8.80, 3, '1;2;3', 0, 1, 0, '', '2010-11-16', 1290001702),
(113, '毛肚15.3、莴笋0.5、四季豆3、米12', 30.80, 2, '1;2;3', 0, 1, 0, '', '2010-11-17', 1290001779),
(114, '瘦肉、血旺、莴笋、葱子、票二百', 20.00, 1, '1;2;3', 0, 1, 0, '', '2010-11-21', 1290424207),
(115, '干海椒、指姜、蕃茄', 12.60, 2, '1;2;3', 0, 1, 0, '板鸭借的钱', '2010-11-22', 1290510371),
(116, '纸、肉、洋芋、洋葱、青椒、豆瓣、味精', 43.50, 2, '1;2;3', 0, 1, 0, '板鸭借钱', '2010-11-23', 1290514625),
(117, '毛血旺、鱼', 25.00, 2, '1;2;3', 0, 1, 0, '', '2010-11-25', 1290685377),
(118, '米', 14.20, 1, '1;2;3', 0, 1, 0, '', '2010-11-25', 1290687408),
(119, '肉', 11.00, 1, '1;2;3', 0, 1, 0, '', '0000-00-00', 1291030685),
(120, '藕、米、肉、南瓜、莴笋', 33.50, 1, '1;2;3', 0, 1, 0, '', '2010-11-30', 1291117406),
(121, '方便面', 2.20, 3, '1;2;3', 0, 1, 0, '', '2010-12-02', 1291292596),
(122, '抄手面', 11.40, 3, '1;2;3', 0, 1, 0, '', '2010-12-02', 1291292641),
(123, '猪肝、血旺、豆腐、莴笋dian', 13.60, 1, '1;2;3', 0, 1, 0, '', '2010-12-07', 1291720757),
(124, '回锅肉等', 47.00, 2, '1;2;3', 0, 1, 0, '', '2010-12-07', 1291720849),
(125, '食用油1.8L 27刀 木耳2.7刀 三线肉 11刀  豆芽1刀 番茄黄瓜合计6刀 金针菇2刀 平菇1刀 米线4.4刀 火腿肠 2刀', 57.10, 2, '1;2;3', 0, 1, 0, '', '2010-12-09', 1291873696),
(126, '米', 12.70, 2, '1;2;3', 0, 1, 0, '', '2010-12-06', 1291873732),
(127, '土豆、白菜、四季豆、藕', 13.40, 3, '1;2;3', 0, 1, 0, '', '2010-12-13', 1292247749),
(128, '醋、蛋、海椒、土豆、藕、蕃茄、四季豆、胡萝卜', 28.00, 2, '1;2;3', 0, 1, 0, '', '2010-12-15', 1292419834),
(129, '肉、蕃茄、南瓜、莴笋', 17.90, 2, '1;2;3', 0, 1, 0, '', '2010-12-16', 1292509033),
(130, '米、藕、洋芋、南瓜', 23.50, 2, '1;2;3', 1, 1, 0, '', '2010-12-20', 1309403789);

-- --------------------------------------------------------

--
-- 表的结构 `aa_user`
--

CREATE TABLE IF NOT EXISTS `aa_user` (
  `id` int(11) NOT NULL AUTO_INCREMENT,
  `user_name` varchar(255) COLLATE utf8_unicode_ci NOT NULL,
  `pass_word` varchar(32) COLLATE utf8_unicode_ci NOT NULL,
  `ratio` float NOT NULL DEFAULT '1',
  `is_delete` tinyint(1) NOT NULL,
  PRIMARY KEY (`id`)
) ENGINE=MyISAM  DEFAULT CHARSET=utf8 COLLATE=utf8_unicode_ci AUTO_INCREMENT=7 ;

--
-- 转存表中的数据 `aa_user`
--

INSERT INTO `aa_user` (`id`, `user_name`, `pass_word`, `ratio`, `is_delete`) VALUES
(1, 'cc', 'e0323a9039add2978bf5b49550572c7c', 1, 0),
(2, 'admin', '21232f297a57a5a743894a0e4a801fc3', 1, 0),
(3, 'hk', 'ae4171856a75f7b67d51fc0e1f95902e', 1.5, 0),
(4, 'lgy', '60be184dff183d6af3e65cd41387864f', 1, 0),
(5, 'sj', 'b5bf27b2555de44e3df2230080db5a1d', 1, 0);
